1,AARTIPHARM,INE0LRU01027,492.55,20
2,HEALTHIETF,INF109KC1Q72,118.34,20
3,JLHL,INE682M01012,1221.5,20
4,DPSCLTD,INE360C01024,17,23.45
5,PONNIERODE,INE838E01017,415.4,20
6,DEEPAKNTR,INE288B01029,2435.8,20
7,THANGAMAYL,INE085J01014,1202.35,20
8,NAVNETEDUL,INE060A01024,149.7,20
9,TVSSCS,INE395N01027,166.2,20
10,RELINFRA,INE036A01016,161.2,26.8
11,NFL,INE870D01012,96.3,20.62
12,PROZONER,INE195N01013,30.2,23.47
13,JAYAGROGN,INE785A01026,235.1,20
14,MARUTI,INE585B01010,12504.65,9
15,SWANENERGY,INE665A01038,537.95,22.98
16,ALBERTDAVD,INE155C01010,1107.5,20
17,ASAHISONG,INE228I01012,359.45,20
18,KMSUGAR,INE157H01023,36.6,23.06
19,ASHIMASYN,INE440A01010,19.85,24.95
20,SIGIND,INE529F01035,71.95,22.75
21,ESG,INF769K01GS9,36.77,20
22,YUKEN,INE384C01016,1214.95,20
23,RAJESHEXPO,INE343B01030,292.55,20
24,IGPL,INE204A01010,497.3,20
25,BLUESTARCO,INE472A01039,1387.5,20
26,SGBJAN29IX,IN0020200377,7119.63,10
27,ITI,INE248A01017,277.3,25.28
28,RUSTOMJEE,INE263M01029,658.15,20
29,BECTORFOOD,INE495P01012,1209.45,20
30,SGBMAR25,IN0020160126,7115.82,10
31,MOVALUE,INF247L01BE5,96.05,20
32,INDIAGLYCO,INE560A01015,768,20
33,MIDQ50ADD,INF740KA1QL0,214.13,20
34,TRIGYN,INE948A01012,111.8,20.65
35,VSTTILLERS,INE764D01017,3422.1,20
36,SGBSEP27,IN0020190115,7188,10
37,SGBNOV25VI,IN0020170083,7170,10
38,RECLTD,INE020B01018,511.3,20
39,AXISCETF,INF846K016C7,106.53,20
40,IDFNIFTYET,INF194KA1U07,237.64,8.44
41,SGBAUG27,IN0020190107,7200,10
42,VERANDA,INE0IQ001011,171.45,21.81
43,JUBLINDS,INE645L01011,1113.9,22.43
44,PASUPTAC,INE818B01023,36,21.14
45,CENTRUM,INE660C01027,38,24.8
46,UCAL,INE139B01016,165,20
47,SGBMAY26,IN0020180033,7116,10
48,BLUEJET,INE0KBH01020,379.95,20
49,FLUOROCHEM,INE09N301011,3197.25,20
50,DHUNINV,INE320L01011,1158.45,21.94
51,GSEC10IETF,INF109KC18O0,228.3,10
52,STARPAPER,INE733A01018,231.5,20
53,GOLDCASE,INF0R8F01042,11.47,20
54,CHEMPLASTS,INE488A01050,457.45,20
55,PAGEIND,INE761H01022,34356.85,20
56,GOKULAGRO,INE314T01025,144.65,20
57,RUSHIL,INE573K01017,329.7,20
58,EICHERMOT,INE066A01021,4568.05,10.21
59,VISHNU,INE270I01022,282.4,20
60,GUJALKALI,INE186A01019,774.45,20
61,NMDC,INE584A01023,253,20
62,KIRLOSENG,INE146L01010,1054.1,20
63,DHANI,INE274G01010,45.45,24.14
64,PNC,INE392B01011,61.8,25.01
65,MOIL,INE490G01020,399.95,20
66,NIFMID150,INF789F1AYX9,182.94,10.13
67,ANANTRAJ,INE242C01024,365.8,20
68,CREATIVE,INE985W01018,758.85,20
69,TIINDIA,INE974X01010,3948.35,20
70,SENSEXIETF,INF346A01034,810.83,8.03
71,CHAMBLFERT,INE085A01013,387,20
72,PLASTIBLEN,INE083C01022,256.45,20
73,KIRLPNU,INE811A01020,1077.1,20
74,INFRAIETF,INF109KC16E5,83.87,20
75,SGBNOV25,IN0020170091,7199,10
76,RUCHIRA,INE803H01014,124.8,20
77,TRU,INE615R01029,62.7,24.17
78,JSWHL,INE824G01012,6334.05,20
79,HSCL,INE019C01026,349.05,20
80,RCF,INE027A01015,140.4,20
81,COMMOIETF,INF109KC19O8,84.78,20
82,NATHBIOGEN,INE448G01010,193.55,20
83,SANDHAR,INE278H01035,476.3,20
84,NCC,INE868B01028,236.1,20
85,KECL,INE134B01017,170.55,25.66
86,LORDSCHLO,INE846D01012,121.25,100
87,STOVEKRAFT,INE00IN01015,443.15,20
88,MEDICAMEQ,INE646B01010,499.85,20.23
89,AXISHCETF,INF846K01Z12,117.9,20
90,VENUSPIPES,INE0JA001018,2089.5,20
91,TITAN,INE280A01028,3245.7,9
92,IFGLEXPOR,INE133Y01011,643.9,21.63
93,BASF,INE373A01013,4020.2,20
94,TV18BRDCST,INE886H01027,41.65,20.23
95,SIL,INE173A01025,22.35,20
96,DJML,INE0B1K01014,276.4,100
97,NIFTYIETF,INF109K012R6,242,6
98,NAHARCAP,INE049I01012,285.3,20
99,HDFCBANK,INE040A01034,1447.5,9
100,HINDALCO,INE038A01020,619.4,12.84
101,LIQUIDBEES,INF732E01037,1000,10
102,JPOLYINVST,INE147P01019,665.8,22.06
103,ATAM,INE09KD01013,217.25,100
104,POWERINDIA,INE07Y701011,8953.55,20
105,TATACONSUM,INE192A01025,1085.05,9.01
106,SUBEXLTD,INE754A01055,27.75,22.76
107,VHL,INE701A01023,3010.75,20
108,MEDICO,INE630Y01024,41.55,100
109,MOMOMENTUM,INF247L01BK2,64.89,20
110,SGBMAR30X,IN0020210319,7157.02,10
111,YATRA,INE0JR601024,138.75,20
112,TATVA,INE0GK401011,1166.2,20
113,TANLA,INE483C01032,860.15,20.02
114,NPBET,INF277K010X4,240.16,20
115,TORNTPHARM,INE685A01028,2524.35,20
116,ARMANFIN,INE109C01017,2014.6,20
117,INOXGREEN,INE510W01014,118.95,21.08
118,YESBANK,INE528G01035,22.6,20
119,ASAL,INE900C01027,859.95,25.52
120,MAHEPC,INE215D01010,132.35,20
121,COLPAL,INE259A01022,2765.9,20
122,NRBBEARING,INE349A01021,306.55,20
123,ROSSARI,INE02A801020,714,20
124,SGBJUN30,IN0020220045,7136.99,10
125,SHRIRAMPPS,INE217L01019,111.4,20
126,URAVI,INE568Z01015,508.75,100
127,SGBOCT25IV,IN0020170067,7100,10
128,SHAKTIPUMP,INE908D01010,2071.85,100
129,GANESHHOUC,INE460C01014,748.2,22.32
130,FMCGIETF,INF109KC1R48,568.13,50
131,DMART,INE192R01011,4798.65,20
132,CORDSCABLE,INE792I01017,174.5,100
133,KAYA,INE587G01015,341.9,20
134,SANOFI,INE058A01010,8098.95,20
135,KAMOPAINTS,INE0BTI01029,170.4,21.27
136,SULA,INE142Q01026,496.75,20
137,BANKETF,INF769K01KR3,475.65,20
138,ABSLLIQUID,INF209KB18T9,1000,10
139,TPLPLASTEH,INE413G01022,89.15,26.79
140,INDUSTOWER,INE121J01017,327.85,20
141,MOLOWVOL,INF247L01BL0,34.7,20
142,AIROLAM,INE801L01010,155.1,22.46
143,RICOAUTO,INE209B01025,122.7,24.32
144,UCOBANK,INE691A01018,51.95,21.5
145,IRIS,INE864K01010,190.8,22.38
146,DOMS,INE321T01012,1802.8,20
147,JUNIORBEES,INF732E01045,675.32,6
148,KFINTECH,INE138Y01010,748.7,20
149,FORTIS,INE061F01013,452.1,20
150,LAMBODHARA,INE112F01022,146.5,25.05
151,SOUTHWEST,INE980Y01015,111.15,20
152,BERGEPAINT,INE463A01038,481.25,20
153,OIL,INE274J01014,617.35,20
154,SCHNEIDER,INE839M01018,794.95,100
155,ITC,INE154A01025,425.1,9
156,LICNETFGSC,INF767K01MV5,25.14,10
157,AARVI,INE754X01016,138.85,22.39
158,ORIENTBELL,INE607D01018,359.25,20
159,EMAMILTD,INE548C01032,526.4,20
160,ZUARIIND,INE217A01012,310.7,22.39
161,SPLIL,INE978G01016,58.55,20
162,AHL,INE00ZE01026,410.25,20
163,CONTROLPR,INE663B01015,893.65,20
164,EBBETF0431,INF754K01LE1,1216.77,20
165,IMFA,INE919H01018,663,20
166,PRIMESECU,INE032B01021,175.05,20
167,PFS,INE560K01014,39.75,23.63
168,3MINDIA,INE470A01017,28834.65,20
169,CONFIPET,INE552D01024,85.6,20
170,MAHAPEXLTD,INE843B01013,126.35,23.19
171,GUJGASLTD,INE844O01030,531.95,20
172,SETF10GILT,INF200KA1JT1,228.41,10
173,WHIRLPOOL,INE716A01013,1418.05,20
174,SOTL,INE035D01020,562.65,20
175,HISARMETAL,INE598C01011,194.6,24
176,CONSUMBEES,INF204KA1LD7,113.52,20
177,LTF,INE498L01015,157.05,20
178,VIDHIING,INE632C01026,454.4,20
179,BBTCL,INE01EE01011,252.95,20
180,ADVENZYMES,INE837H01020,382.65,20
181,JITFINFRA,INE863T01013,756.05,100
182,AXSENSEX,INF846K010Q0,73.23,6.65
183,VTL,INE825A01020,426.85,20
184,MAXESTATES,INE03EI01018,342.25,20
185,ICICIB22,INF109KB15Y7,102.44,20
186,JYOTHYLAB,INE668F01031,457.3,20
187,MIRZAINT,INE771A01026,44.65,21.56
188,INDIANB,INE562A01011,517.2,20
189,MANKIND,INE634S01028,2171.3,20
190,SARDAEN,INE385C01021,257.7,20
191,LAOPALA,INE059D01020,319.55,20
192,GMDCLTD,INE131A01031,385.9,24.43
193,GHCLTEXTIL,INE0PA801013,82.75,20
194,SESHAPAPER,INE630A01024,313.9,20
195,ASTRAL,INE006I01046,2072.05,20
196,SONACOMS,INE073K01018,605.5,20
197,HAVELLS,INE176B01034,1673.55,20
198,INTELLECT,INE306R01017,1024.8,20
199,MAITHANALL,INE683C01011,1165.85,20
200,OPTIEMUS,INE350C01017,259.1,20.93
201,BHAGCHEM,INE414D01027,172.4,20
202,SAFARI,INE429E01023,1977.3,20
203,KKCL,INE401H01017,638.85,20
204,SRGHFL,INE559N01010,271.3,20
205,SAHYADRI,INE280H01015,360.7,20
206,BALPHARMA,INE083D01012,99.5,20
207,PFIZER,INE182A01018,4304.8,20
208,SADHNANIQ,INE888C01040,66.25,20
209,MADRASFERT,INE414A01015,84.65,21.54
210,RESPONIND,INE688D01026,280.55,20
211,MCX,INE745G01035,3759.05,20
212,VENUSREM,INE411B01019,299.2,21.29
213,AARON,INE721Z01010,252.7,20
214,DRREDDY,INE089A01023,5877.35,9
215,DREDGECORP,INE506A01018,731.05,20.15
216,CARERATING,INE752H01013,1101.5,20
217,TVTODAY,INE038F01029,224.7,20
218,PGEL,INE457L01011,1966.7,20
219,OSWALGREEN,INE143A01010,32.35,22.27
220,ARVIND,INE034A01011,350.05,20
221,APCOTEXIND,INE116A01032,414.5,20
222,BANKBETF,INF0QA701714,47.48,20
223,DCMNVL,INE08KP01019,196.9,20.71
224,DCBBANK,INE503A01015,128.1,20
225,RACE,INE084Q01012,326.1,20
226,RRKABEL,INE777K01022,1601.85,20
227,JSWINFRA,INE880J01026,244.1,20
228,RADIANTCMS,INE855R01021,83.85,20
229,BIOCON,INE376G01013,298.65,20
230,BIRLACORPN,INE340A01012,1483.75,20
231,MAYURUNIQ,INE040D01038,517.65,20
232,CHEMCON,INE03YM01018,248.55,20
233,RKSWAMY,INE0NQ801033,262.4,20
234,VADILALIND,INE694D01016,4649.05,20
235,DCXINDIA,INE0KL801015,306.75,20
236,SIRCA,INE792Z01011,308.4,20
237,ANDHRAPAP,INE435A01028,508.25,20
238,ALMONDZ,INE326B01027,106.45,100
239,GRMOVER,INE192H01020,135.6,20
240,PIIND,INE603J01030,3517.15,20
241,TATSILV,INF277KA1984,8.13,20
242,INDUSINDBK,INE095A01012,1401.45,11.23
243,STERTOOLS,INE334A01023,357.95,20
244,TATAPOWER,INE245A01021,413.5,20
245,NAHARINDUS,INE289A01011,121.35,20
246,FILATEX,INE816B01035,55.05,20
247,BRITANNIA,INE216A01030,5070.1,9
248,MSTCLTD,INE255X01014,800.65,22.98
249,INDRAMEDCO,INE681B01017,240.55,20
250,AXISILVER,INF846K011K1,83.26,20
251,IOLCP,INE485C01011,372.3,20
252,HDFCMOMENT,INF179KC1HV6,32.05,20
253,REFEX,INE056I01025,148.35,20
254,SDL26BEES,INF204KC1022,120.4,20
255,HNDFDS,INE254N01026,495,20
256,SGBNOV258,IN0020170109,7199,10
257,SGBOCT27VI,IN0020190388,7199,10
258,ORISSAMINE,INE725E01024,6153,20.88
259,BPCL,INE029A01011,592.15,12.3
260,ROTO,INE535D01029,390.7,20
261,SGBDE30III,IN0020220110,7223.44,10
262,GULPOLY,INE255D01024,195.95,20
263,ABB,INE117A01022,6985.1,20
264,APTUS,INE852O01025,314,20
265,SBC,INE04AK01028,27.7,22.4
266,EIMCOELECO,INE158B01016,1975.65,100
267,NITINSPIN,INE229H01012,351.7,20
268,GOLDBEES,INF204KB17I5,60.42,20
269,SGBSEP24,IN0020160043,7129.57,10
270,GEECEE,INE916G01016,298.7,20
271,ALPHAGEO,INE137C01018,342.25,20.82
272,CYBERTECH,INE214A01019,150.8,20.96
273,SOLARA,INE624Z01016,495.45,21.72
274,MOM50,INF247L01536,224.2,6
275,SHALBY,INE597J01018,270.05,20
276,CEATLTD,INE482A01020,2289.2,20
277,NSLNISP,INE0NNS01018,60.2,20
278,SGBOCT25V,IN0020170075,7115,10
279,BCG,INE425B01027,12.9,100
280,MRF,INE883A01011,126225.15,20
281,APOLLOPIPE,INE126J01016,605.3,20
282,PSUBANKADD,INF740KA1SY9,70.93,20
283,UTIBANKETF,INF789F1AUV1,48.3,20
284,SGBJUN28,IN0020200104,7113.15,10
285,VALIANTORG,INE565V01010,399.8,20
286,SYNGENE,INE398R01022,652,20
287,INFOBEAN,INE344S01016,403.65,20
288,INOXINDIA,INE616N01034,1312,20
289,ACC,INE012A01025,2416.15,20
290,SIYSIL,INE076B01028,462.65,20
291,GOLDSHARE,INF789F1AUX7,60.95,20
292,GRINDWELL,INE536A01023,2160.55,20
293,SHREECEM,INE070A01015,25500.75,20
294,ITIETF,INF109KC16I6,35.17,20
295,PHARMABEES,INF204KC1089,18.78,20
296,SENSEXADD,INF740KA1SZ6,75.63,7.19
297,NEOGEN,INE136S01016,1464.2,20
298,CLEAN,INE227W01023,1290.65,20
299,GRSE,INE382Z01011,900.65,20.94
300,TVSELECT,INE236G01019,322.25,21.08
301,SUKHJITS,INE450E01011,452.2,20
302,SPECIALITY,INE247M01014,180.8,20
303,JINDALPHOT,INE796G01012,623.35,24.08
304,GANGESSECU,INE335W01016,155,23.77
305,ROLEXRINGS,INE645S01016,1940.35,20
306,WENDT,INE274C01019,13027.05,20
307,UNIVPHOTO,INE03V001013,362.55,20
308,FLAIR,INE00Y201027,282.8,20
309,HCLTECH,INE860A01027,1320.05,9.2
310,JUBLPHARMA,INE700A01033,679.2,20
311,TIMKEN,INE325A01013,3457.55,20
312,SGBMAR28X,IN0020190552,7050.75,10
313,SGBSEP31II,IN0020230093,7125.34,10
314,ASPINWALL,INE991I01015,263.45,22.89
315,IIFL,INE530B01024,376.4,22.76
316,AYMSYNTEX,INE193B01039,86.65,20
317,SBFC,INE423Y01016,81.55,20
318,GOKUL,INE020J01029,40.8,100
319,SALZERELEC,INE457F01013,737.7,22.36
320,EROSMEDIA,INE416L01017,20.55,24.45
321,ARE&M,INE885A01032,1092.8,20
322,NIITLTD,INE161A01038,98.9,20.22
323,ADANIENSOL,INE931S01010,980.05,23.02
324,KAYNES,INE918Z01012,2449.75,20
325,RAMKY,INE874I01013,508.4,24.09
326,ADORWELD,INE045A01017,1320.1,20
327,DIL,INE411Y01011,7.8,21.79
328,HEXATRADEX,INE750M01017,149.2,20
329,STARCEMENT,INE460H01021,218.15,20
330,MGEL,INE0APB01024,20.3,25.56
331,SPARC,INE232I01014,212.15,21.27
332,SGBJUL25,IN0020170034,7180,10
333,TI,INE133E01013,222.1,20
334,REPRO,INE461B01014,797.4,20
335,EXIDEIND,INE302A01020,448.8,20
336,THERMAX,INE152A01029,4485.35,20
337,INDOCO,INE873D01024,328.65,20
338,DMCC,INE505A01010,306.65,20
339,NEXT50IETF,INF109KC1NS5,65.87,6.29
340,PALREDTEC,INE218G01033,119.55,100
341,VAISHALI,INE972X01014,167.55,20.2
342,WINDMACHIN,INE052A01021,77.6,25.21
343,DECCANCE,INE583C01021,611.1,20
344,GOKEX,INE887G01027,802.55,20
345,GILLETTE,INE322A01010,6911.85,20
346,DHAMPURSUG,INE041A01016,219.7,20
347,MODISONLTD,INE737D01021,129.5,100
348,IVC,INE050B01023,10.9,20.55
349,MOTILALOFS,INE338I01027,2151.15,20
350,ZAGGLE,INE07K301024,287.25,20
351,SGBOCT27,IN0020190370,7044.63,10
352,UDS,INE851I01011,298.3,20
353,SHANTIGEAR,INE631A01022,556.05,20
354,RBL,INE244J01017,923.05,20
355,JSWSTEEL,INE019A01038,834.55,10.28
356,TDPOWERSYS,INE419M01027,290,20
357,BAJAJHLDNG,INE118A01012,8383.55,20
358,RAMANEWS,INE278B01020,20.8,24.61
359,TTML,INE517B01013,75.8,20.69
360,IDEAFORGE,INE349Y01013,670.3,20
361,M&MFIN,INE774D01024,252.95,20
362,JAYSREETEA,INE364A01020,100.5,20
363,GSLSU,INE0JSX01015,210.3,20
364,GANESHBE,INE388A01029,156.35,20
365,MOM30IETF,INF109KC17C7,32.48,20
366,ORICONENT,INE730A01022,36.2,25.63
367,MANGALAM,INE584F01014,96.7,20
368,ROHLTD,INE283H01019,364.85,20.09
369,KNRCON,INE634I01029,247.4,20
370,UTINIFTETF,INF789F1AZC0,236.87,6
371,MALLCOM,INE389C01015,1013.15,20
372,ITDC,INE353K01014,606.65,22.05
373,NAVKARCORP,INE278M01019,97.6,25.24
374,CTE,INE627H01017,93.15,100
375,IFCI,INE039A01010,50.55,27.54
376,HATHWAY,INE982F01036,20.45,20
377,SUTLEJTEX,INE645H01027,54.9,20
378,SHREYAS,INE757B01015,281.4,21.37
379,SMARTLINK,INE178C01020,230.25,20
380,INNOVACAP,INE0DUT01020,452.35,20
381,SASKEN,INE231F01020,1538.55,20
382,RAIN,INE855B01025,160.9,20
383,DISHTV,INE836F01026,15.7,25.13
384,IRFC,INE053F01010,147.05,22.83
385,ALLSEC,INE835G01018,994.55,20
386,STYLAMIND,INE239C01020,1592.95,20
387,WIPRO,INE075A01022,455.9,9.31
388,JTLIND,INE391J01024,228.65,20
389,TATATECH,INE142M01025,1015.35,20
390,ATUL,INE100A01010,5836.8,20
391,GMRINFRA,INE776C01039,78.55,20
392,MONTECARLO,INE950M01013,668.6,20
393,NIACL,INE470Y01017,217.35,23.01
394,DIVISLAB,INE361B01024,3789.95,10.01
395,RSWM,INE611A01016,181.2,20
396,MTNL,INE153A01019,34.45,26.61
397,MAKEINDIA,INF769K01IB1,129.39,20
398,ASTERDM,INE914M01019,343.85,20
399,INDIANHUME,INE323C01030,253.65,20
400,SENCO,INE602W01019,880.25,20
401,SHARDACROP,INE221J01015,355.75,20
402,CENTURYTEX,INE055A01016,2000.5,20
403,GULFPETRO,INE586G01017,61.9,22.76
404,SGBAPR28I,IN0020200062,7199.9,10
405,FAZE3Q,INE963C01033,427.6,20
406,SWSOLAR,INE00M201021,703.6,20
407,ABSLAMC,INE404A01024,542.4,20
408,RAMASTEEL,INE230R01035,12.3,24.48
409,AARTIDRUGS,INE767A01016,457.3,20
410,LAXMICOT,INE801V01019,31.1,25.43
411,ELDEHSG,INE668G01021,966.05,20
412,BANKBEES,INF204KB15I9,484.79,20
413,IDFC,INE043D01016,111.25,20
414,SWELECTES,INE409B01013,1213,29.2
415,BTML,INE0EEJ01023,18.4,20
416,BIRLAMONEY,INE865C01022,123.3,20
417,DIVOPPBEES,INF204KA1MS3,73.92,20
418,ICEMAKE,INE520Y01019,481,20
419,SGBAUG29V,IN0020210129,7130,10
420,VINYLINDIA,INE250B01029,356.85,20
421,TCIEXP,INE586V01016,1088.7,20
422,HAPPYFORGE,INE330T01021,949,20
423,TRENT,INE849A01020,4407.95,20
424,EBBETF0430,INF754K01KO2,1360.05,20
425,MFSL,INE180A01020,962.7,20
426,GLS,INE03Q201024,833.35,20
427,DIVGIITTS,INE753U01022,811.8,20
428,USK,INE0N0Y01013,49.5,100
429,FINCABLES,INE235A01022,1014.5,20
430,PVRINOX,INE191H01014,1299.85,20
431,TATACHEM,INE092A01019,1044.3,20
432,UFO,INE527H01019,126.8,20
433,KAJARIACER,INE217B01036,1181.8,20
434,BHAGERIA,INE354C01027,159.35,20
435,SILVERBEES,INF204KC1402,80.55,20
436,APLLTD,INE901L01018,1001.35,20
437,IT,INF174KA1GC5,35.04,20
438,CAPLIPOINT,INE475E01026,1272.4,20
439,SGBNV29VII,IN0020210178,7112.48,10
440,ARVSMART,INE034S01021,668.3,20.13
441,CANTABIL,INE068L01024,198.75,20
442,POLYCAB,INE455K01017,5803.5,20
443,IMPAL,INE547E01014,990.3,20
444,HDFCNIF100,INF179KC1HR4,23.11,6.36
445,BSOFT,INE836A01035,604.3,20
446,AJANTPHARM,INE031B01049,2409.65,20
447,PVTBANIETF,INF109KC18U7,23.48,20
448,PYRAMID,INE0MIS01010,149.75,20
449,ALKALI,INE773I01017,112,20.59
450,GEPIL,INE878A01011,304.2,23.44
451,MANALIPETC,INE201A01024,72.6,20
452,ACI,INE128X01021,619.9,20
453,MARALOVER,INE882A01013,73.05,23.88
454,HONAUT,INE671A01010,43255.3,20
455,SIEMENS,INE003A01024,6130.2,20
456,PSUBANK,INF373I01023,703.92,20
457,BANKETFADD,INF740KA1RX3,47.82,20
458,HAL,INE066F01020,3846.65,20
459,MAZDOCK,INE249Z01012,2212.2,20.05
460,SILVERTUC,INE625X01018,752,20
461,HINDCOPPER,INE531E01026,357.55,21.01
462,TRIDENT,INE064C01022,37.65,20
463,SGBJUN29II,IN0020210061,7107.01,10
464,DAMODARIND,INE497D01022,49.85,21.64
465,SARLAPOLY,INE453D01025,73.7,21.76
466,AUBANK,INE949L01017,627.95,20
467,TIDEWATER,INE484C01030,1785.3,20
468,MOREPENLAB,INE083A01026,45.6,20
469,SDL24BEES,INF204KB18W4,121.08,20
470,SGBAUG24,IN0020160027,7156.51,10
471,KDDL,INE291D01011,2376.8,20
472,IIFLSEC,INE489L01022,133.8,21.91
473,SHYAMCENT,INE979R01011,18.2,100
474,SAH,INE035801013,93.45,20
475,CREST,INE559D01011,376.5,21.68
476,AAATECH,INE0D0U01013,114.15,100
477,UPL,INE628A01036,466.45,20
478,SGBJUL27,IN0020190081,7110,10
479,MARKSANS,INE750C01026,156.1,20
480,SAREGAMA,INE979A01025,429.4,20
481,LINC,INE802B01019,570.25,20
482,INDOBORAX,INE803D01021,168.45,20
483,AETHER,INE0BWX01014,824.1,20
484,DCAL,INE385W01011,197.5,21.22
485,SHOPERSTOP,INE498B01024,719.95,20
486,BANARISUG,INE459A01010,2504.6,20
487,HCC,INE549A01026,33.75,26.95
488,MAXIND,INE0CG601016,254.4,20
489,POLICYBZR,INE417T01026,1233.4,20
490,SILVRETF,INF769K01KG6,81.55,20
491,CENTURYPLY,INE348B01021,647.75,20
492,HDFCLIFE,INE795G01014,539.55,9.6
493,BAJAJELEC,INE193E01025,931.65,20
494,CLSEL,INE419D01026,222.1,20
495,NELCO,INE045B01015,724.9,20
496,RSYSTEMS,INE411H01032,409.55,20
497,ATULAUTO,INE951D01028,556.15,20.34
498,NETF,INF277K015R5,234.04,7.4
499,ECLERX,INE738I01010,2333.7,20
500,HIKAL,INE475B01022,286.6,20
501,NAUKRI,INE663F01024,5952.05,20
502,APARINDS,INE372A01015,7616.25,20
503,TRITURBINE,INE152M01016,550.7,20
504,SOUTHBANK,INE683A01023,27.15,20
505,ALPHA,INF174KA1IA5,47.12,20
506,HOMEFIRST,INE481N01025,849.15,20
507,PUNJABCHEM,INE277B01014,1031.95,20
508,HARDWYN,INE626Z01029,29.75,20.41
509,KRITI,INE479D01038,116.55,22.1
510,ALOKINDS,INE270A01029,25.75,22.99
511,SHARIABEES,INF732E01128,479.87,20
512,LTFOODS,INE818H01020,215.3,20
513,NINSYS,INE395U01014,429.65,20
514,NILKAMAL,INE310A01015,1869.5,20
515,EPACK,INE0G5901015,180.85,20
516,EVERESTIND,INE295A01018,1161.05,20
517,SAKUMA,INE190H01024,27.15,24.5
518,HDFCSENSEX,INF179KC1HX2,80.65,6
519,DENORA,INE244A01016,1493.6,24.61
520,BODALCHEM,INE338D01028,71.8,20
521,PEL,INE140A01024,815.8,20
522,ARROWGREEN,INE570D01018,492.85,24.61
523,GMMPFAUDLR,INE541A01023,1345.35,20
524,AEROFLEX,INE024001021,142.85,20
525,DBOL,INE0I3401014,121.65,20
526,NIFTYBETF,INF0QA701722,220.11,6
527,HDFCBSE500,INF179KC1EZ4,32.81,8.38
528,SUMICHEM,INE258G01013,386.25,20
529,APLAPOLLO,INE702C01027,1548.3,20
530,GOODLUCK,INE127I01024,863.35,20
531,PATINTLOG,INE529D01014,21.25,27.21
532,MAWANASUG,INE636A01039,91.3,20
533,LIBERTSHOE,INE557B01019,301.85,20.25
534,KTKBANK,INE614B01018,214.85,20
535,ORIENTCEM,INE876N01018,216.6,20
536,RAYMOND,INE301A01014,2080.9,20
537,ASIANENE,INE276G01015,282.9,20
538,POLYPLEX,INE633B01018,850.15,20
539,MUNJALSHOW,INE577A01027,156.6,20
540,KOPRAN,INE082A01010,241.05,21.06
541,FEDFINA,INE007N01010,124.95,20
542,BOMDYEING,INE032A01023,164.75,21.65
543,SENSEXETF,INF769K01KT9,72.84,8.02
544,GIPCL,INE162A01010,172.25,20
545,DAVANGERE,INE179G01011,90.4,20
546,SGBJUL28IV,IN0020200146,7112.83,10
547,STEELXIND,INE503B01021,13.6,24.4
548,TRIVENI,INE256C01024,347.85,20
549,VAKRANGEE,INE051B01021,25.25,23.42
550,IFBAGRO,INE076C01018,450.8,20
551,PSPPROJECT,INE488V01015,638.5,20
552,JASH,INE039O01011,2154.3,20
553,SGBOCT25,IN0020170059,7150,10
554,MASTEK,INE759A01021,2414.2,20
555,CARTRADE,INE290S01011,922.2,20
556,PILITA,INE600A01035,11.6,100
557,LODHA,INE670K01029,1123.65,20
558,RADICO,INE944F01028,1605.95,20
559,AVROIND,INE652Z01017,114.6,22.76
560,PERSISTENT,INE262H01021,3357.55,20
561,PANACEABIO,INE922B01023,133.1,20
562,HARRMALAYA,INE544A01019,174.3,20
563,RTNINDIA,INE834M01019,70.05,22.77
564,GALAXYSURF,INE600K01018,2454.05,20
565,VASCONEQ,INE893I01013,66.35,23.45
566,NURECA,INE0DSF01015,268.45,20
567,ACL,INE666E01020,90.1,20
568,SGBD29VIII,IN0020210228,7130,10
569,BALAXI,INE618N01014,602.9,20
570,BAIDFIN,INE020D01022,23.4,20.28
571,CHEMFAB,INE783X01023,558,24.02
572,SMALLCAP,INF769K01LC3,44.82,20
573,HBLPOWER,INE292B01021,498.5,22.79
574,HDFCNIFIT,INF179KC1IA8,33.83,20
575,JGCHEM,INE0MB501011,233.8,20
576,APCL,INE071F01012,176.5,20
577,NATCOPHARM,INE987B01026,969.6,20
578,BANDHANBNK,INE545U01014,182.8,20
579,SGBAUG28V,IN0020200161,7167.08,10
580,MIDCAP,INF174KA1IB3,140.33,6.69
581,JSFB,INE953L01027,629.6,20
582,MGL,INE002S01010,1329.75,20
583,MAHABANK,INE457A01014,63.55,20
584,GODREJIND,INE233A01035,838.6,20
585,SHRIRAMFIN,INE721A01013,2360.9,13
586,FEDERALBNK,INE171A01029,157.05,20
587,LLOYDSENGG,INE093R01011,58.2,27.9
588,SILVER1,INF174KA1KU9,81.49,20
589,DOLLAR,INE325C01035,570.4,20
590,WHEELS,INE715A01015,555.4,20
591,BFUTILITIE,INE243D01012,830.8,22.85
592,TRIL,INE763I01026,574.55,28.26
593,DIAMINESQ,INE591D01014,538.85,20
594,SGBMAY25,IN0020170018,7300,10
595,ONWARDTEC,INE229A01017,440.8,20
596,BOROLTD,INE02PY01013,344.4,20
597,HDFCSILVER,INF179KC1DI2,80.49,20
598,ALKYLAMINE,INE150B01039,1999.4,20
599,PETRONET,INE347G01014,295.95,20
600,LAXMIMACH,INE269B01029,16425.6,20
601,ESCORTS,INE042A01014,3445.35,20
602,ITETF,INF769K01KV5,33.58,20
603,ORBTEXP,INE231G01010,162.75,20.45
604,FCL,INE045J01026,344.9,20
605,BORORENEW,INE666D01022,494.35,20
606,SETFNIF50,INF200KA1FS1,230.09,6
607,SGBN28VIII,IN0020200286,7144.4,10
608,GREENPANEL,INE08ZM01014,293.75,20
609,ABSLBANETF,INF209KB17D5,47.93,20
610,NOCIL,INE163A01018,256.6,20
611,CGPOWER,INE067A01029,582.3,20
612,TARC,INE0EK901012,143.3,20
613,SELAN,INE818A01017,653.6,21.03
614,RUBYMILLS,INE301D01026,196.8,20
615,SPCENET,INE970N01027,26.95,23.33
616,ACLGATI,INE152B01027,107.55,20
617,DIAMONDYD,INE393P01035,884.05,20
618,TCPLPACK,INE822C01015,2101.55,20
619,PRAKASH,INE603A01013,154.75,21.36
620,GTPL,INE869I01013,173.25,20
621,SMLT,INE017W01010,236.5,100
622,CHOLAFIN,INE121A01024,1222.5,20
623,MONARCH,INE903D01011,524.35,20
624,SHARDAMOTR,INE597I01028,1454.25,20
625,ABSLNN50ET,INF209KB16D7,65.68,6.53
626,SETFNN50,INF200KA1598,668.28,6
627,SEQUENT,INE807F01027,116.25,20
628,M&M,INE101A01026,2212.55,10.54
629,UNOMINDA,INE405E01023,726.85,20
630,UGARSUGAR,INE071E01023,74,20
631,JWL,INE209L01016,420.25,21.96
632,NACLIND,INE295D01020,65.5,20
633,AVTNPL,INE488D01021,88.75,20
634,GLOBAL,INE291W01029,250.35,100
635,RGL,INE722H01024,102.7,20
636,AWL,INE699H01024,330.9,20
637,GRPLTD,INE137I01015,6758.05,21.67
638,MMTC,INE123F01029,68.9,24.4
639,AUTOAXLES,INE449A01011,1876.15,20
640,ELGIEQUIP,INE285A01027,627.85,20
641,TOKYOPLAST,INE932C01012,106.85,20.38
642,MID150BEES,INF204KB1V68,187.71,6
643,RML,INE050H01012,790.35,20
644,FOODSIN,INE976E01023,144,20
645,SANDUMA,INE149K01016,488.55,20
646,SDBL,INE480C01020,290.9,20.54
647,AMNPLST,INE275D01022,196.6,20
648,JCHAC,INE782A01015,1179.2,20
649,PGHH,INE179A01014,15686.5,20
650,SANSERA,INE953O01021,989.7,20
651,RPGLIFE,INE105J01010,1450.6,20
652,HIL,INE557A01011,2466.75,20
653,CANBK,INE476A01014,545.5,20
654,TVSMOTOR,INE494B01023,2063.6,20
655,PNCINFRA,INE195J01029,428.1,20
656,GAEL,INE036B01030,149.3,20
657,MUNJALAU,INE672B01032,79.35,20
658,UNICHEMLAB,INE351A01035,555.1,20
659,ESTER,INE778B01029,117,20
660,SRF,INE647A01010,2291.35,20
661,TIPSINDLTD,INE716B01029,431.8,20
662,GEOJITFSL,INE007B01023,99.75,20
663,HEADSUP,INE759V01019,13.65,100
664,CHALET,INE427F01016,829.35,20
665,BANKINDIA,INE084A01016,139,20
666,ARIES,INE298I01015,241.85,21.08
667,ZYDUSLIFE,INE010B01027,968.2,20
668,GABRIEL,INE524A01029,361.45,20
669,DCMSRIND,INE843D01027,195.45,20
670,ATL,INE0NN701020,54,20
671,KARURVYSYA,INE036D01028,187.9,20
672,ADANIENT,INE423A01024,2766.65,21.35
673,GODFRYPHLP,INE260B01028,3448.75,20
674,EIFFL,INE546V01010,133.25,20
675,KOTHARIPRO,INE823A01017,125.15,20
676,SATINDLTD,INE065D01027,90.9,20
677,SBCL,INE386D01027,558.4,20
678,SOBHA,INE671H01015,1757.3,21.05
679,DATAMATICS,INE365B01017,554.3,20.98
680,PGHL,INE199A01012,4662.4,20
681,PAYTM,INE982J01020,333,25.21
682,CDSL,INE736A01011,2072,20
683,SILVERADD,INF740KA1RE3,81.06,20
684,MUTHOOTFIN,INE414G01012,1598.4,20
685,GARFIBRES,INE276A01018,3194.65,20
686,HDFCVALUE,INF179KC1DK8,124.96,20
687,MAHLIFE,INE813A01018,601,20
688,JKTYRE,INE573A01042,392.95,20
689,NAHARSPING,INE290A01027,266.6,20
690,UBL,INE686F01025,1910.7,20
691,WESTLIFE,INE274F01020,849,20
692,BFINVEST,INE878K01010,547.8,21.27
693,COFORGE,INE591G01017,4301.8,20
694,IRISDOREME,INE01GN01025,78.35,20
695,HNGSNGBEES,INF204KB19I1,295.94,8.69
696,AAVAS,INE216P01012,1550.8,20
697,ENGINERSIN,INE510A01028,213.55,20.74
698,KELLTONTEC,INE164B01022,96.2,20.21
699,SANGHIIND,INE999B01013,86.95,20.14
700,AFFLE,INE00WC01027,1056.3,20
701,VAIBHAVGBL,INE884A01027,376.25,20
702,WSTCSTPAPR,INE976A01021,620.85,20
703,KPRMILL,INE930H01031,787.5,20
704,VALIANTLAB,INE0JWS01017,148.9,20
705,CONSOFINVT,INE025A01027,219.5,20.74
706,TVSHLTD,INE105A01035,9720.6,20
707,CYIENTDLM,INE055S01018,670.3,20
708,TFCILTD,INE305A01015,158.7,24.65
709,MHRIL,INE998I01010,412.5,20
710,BSHSL,INE032Z01020,211.25,20
711,EIHAHOTELS,INE276C01014,746.3,20
712,ONGC,INE213A01029,265.25,11.65
713,ASHAPURMIN,INE348A01023,310,21.62
714,GODREJCP,INE102D01028,1330.9,20
715,ZODIACLOTH,INE206B01013,111.1,20
716,LGBBROSLTD,INE337A01034,1270.15,20
717,ANGELONE,INE732I01013,2420.35,20
718,MOGSEC,INF247L01AK4,55.19,10
719,ZFCVINDIA,INE342J01019,13360.85,20
720,HITECHCORP,INE120D01012,205.45,20
721,HEROMOTOCO,INE158A01026,4764.9,10.08
722,LOWVOL1,INF174KA1IY5,18.39,20
723,IONEXCHANG,INE570A01022,518.05,20
724,DHARMAJ,INE00OQ01016,223.1,20
725,GODREJPROP,INE484J01027,2757.4,20
726,JPASSOCIAT,INE455F01025,16.7,28.33
727,SBIETFCON,INF200KA1X17,104.59,20
728,RBA,INE07T201019,98.6,20
729,EVEREADY,INE128A01029,337.2,20
730,IGL,INE203G01027,440,20
731,NIFTY50ADD,INF740KA1CL0,225.55,7.14
732,TREL,INE0O3901029,46,20
733,GICRE,INE481Y01014,321,21.82
734,KOTHARIPET,INE720A01015,125.55,21.66
735,DPWIRES,INE864X01013,460.95,20
736,APOLLOHOSP,INE437A01024,5806.4,10.24
737,IPL,INE0D6701023,208.75,20
738,NAHARPOLY,INE308A01027,188.05,20
739,KEC,INE389H01022,736,20
740,SAIL,INE114A01011,153.05,20
741,SPIC,INE147A01011,74.2,20
742,KSOLVES,INE0D6I01015,1081.8,20
743,MASFIN,INE348L01012,292.45,20
744,INDOSTAR,INE896L01010,224,20
745,LICHSGFIN,INE115A01026,620.1,20
746,INDIGO,INE646L01027,4045.35,20
747,TATASTEEL,INE081A01020,161.9,11.46
748,NSIL,INE023A01030,3442.5,20
749,SGBMAY29I,IN0020210053,7127.01,10
750,IDBI,INE008A01015,83.45,20
751,WORTH,INE196Y01018,112.95,20
752,REPL,INE364Z01019,187.6,20
753,MOHEALTH,INF247L01BB1,34.83,20
754,SGBJAN26,IN0020170166,7199,10
755,ZENSARTECH,INE520A01027,580.5,20
756,SUPERHOUSE,INE712B01010,209.6,20
757,AXISGOLD,INF846K01W80,60.74,20
758,SMSPHARMA,INE812G01025,202.15,20
759,FIEMIND,INE737H01014,1127.35,20
760,MEDPLUS,INE804L01022,687.65,20
761,CARYSIL,INE482D01024,852.6,20
762,YATHARTH,INE0JO301016,431.8,20
763,AARTECH,INE01C001018,238.2,100
764,PVTBANKADD,INF740KA1TA7,23.65,20
765,OSWALAGRO,INE142A01012,44.25,24.86
766,PIXTRANS,INE751B01018,1302.25,20
767,ANDHRSUGAR,INE715B01021,101.9,20
768,SHK,INE500L01026,190.25,20
769,HDFCPSUBK,INF179KC1HW4,70.89,20
770,NUVOCO,INE118D01016,313.2,20
771,CUB,INE491A01021,145.9,20
772,AGSTRA,INE583L01014,69.25,20
773,MIDSELIETF,INF109KB1XT3,153.78,9.84
774,PEARLPOLY,INE844A01013,38.75,31.14
775,FIVESTAR,INE128S01021,717.7,20
776,SAGCEM,INE229C01021,211.15,20
777,UTKARSHBNK,INE735W01017,52.7,20
778,MENONBE,INE071D01033,121.85,20
779,JINDWORLD,INE247D01039,324.05,20
780,RVNL,INE415G01027,261.05,23.25
781,SATIN,INE836B01017,237.65,20
782,DHANBANK,INE680A01011,41.5,100
783,SHIVAMILLS,INE644Y01017,104.35,27.36
784,SUMMITSEC,INE519C01017,1453.2,20
785,BAJAJFINSV,INE918I01026,1564.6,9.55
786,AURUM,INE898S01029,145.45,20
787,NEULANDLAB,INE794A01010,7146.85,21.55
788,BEML,INE258A01016,3202.15,20
789,GPPL,INE517F01014,198.8,20
790,SUNDARMFIN,INE660A01013,4418.6,20
791,JINDALPOLY,INE197D01010,513.1,20
792,EBBETF0425,INF754K01LD3,1206.67,20
793,KUANTUM,INE529I01021,153.05,20
794,RBLBANK,INE976G01028,239.9,20
795,HEALTHY,INF209KB10C2,11.91,20
796,FINOPB,INE02NC01014,285.05,20
797,OLECTRA,INE260D01016,1613.35,20.7
798,JAYBARMARU,INE571B01036,110.1,20
799,APOLSINHOT,INE451F01024,1704.4,22.2
800,HONASA,INE0J5401028,428.35,20
801,MINDACORP,INE842C01021,406.25,20
802,LUMAXIND,INE162B01018,2456.15,20
803,VINATIORGA,INE410B01037,1586.6,20
804,RELIANCE,INE002A01018,2788.25,9
805,IMAGICAA,INE172N01012,77,24
806,ANURAS,INE930P01018,794.7,20
807,THEJO,INE121N01019,2814.45,20
808,AHLUCONT,INE758C01029,1069,20
809,TTL,INE592B01016,108.5,20
810,SIGNATURE,INE903U01023,1241.8,20
811,DEEPAKFERT,INE501A01019,539.75,20
812,MVGJL,INE0KNT01012,226.45,20
813,HAPPSTMNDS,INE419U01012,810.25,20
814,UNIPARTS,INE244O01017,520.2,20
815,SFL,INE916U01025,899.15,20
816,WELSPUNLIV,INE192B01031,139.1,20
817,IWEL,INE0FLR01028,6366.6,100
818,OBCL,INE426Z01016,53.8,25.03
819,JOCIL,INE839G01010,178.45,20
820,SUVENPHAR,INE03QK01018,645.65,20
821,KOTAKBANK,INE237A01028,1643.1,9.54
822,MOLDTECH,INE835B01035,201.65,23.73
823,INFY,INE009A01021,1439.55,9.31
824,GNA,INE934S01014,403.45,20
825,LIQUID,INF769K01KS1,999.99,10
826,ITETFADD,INF740KA1SX1,33.51,20
827,MOQUALITY,INF247L01BH8,179.63,20
828,RAMCOIND,INE614A01028,220.5,20
829,MAGADSUGAR,INE347W01011,641.85,20
830,RATNAVEER,INE05CZ01011,124.45,20
831,IFBIND,INE559A01017,1392.6,20
832,SHAREINDIA,INE932X01018,1697,20
833,DHANUKA,INE435G01025,1270.85,20
834,SHANKARA,INE274V01019,645.5,20
835,LATENTVIEW,INE0I7C01011,466.75,100
836,VARROC,INE665L01035,483.85,20
837,KANSAINER,INE531A01024,276.85,20
838,SERVOTECH,INE782X01033,85.15,21.08
839,SBIN,INE062A01020,819.8,9.56
840,ENTERO,INE010601016,1055.3,20
841,DELTACORP,INE124G01033,116.7,20
842,LINDEINDIA,INE473A01011,7575.85,20
843,INDIANCARD,INE061A01014,258.75,20
844,AXISBNKETF,INF846K01X63,482.03,20
845,CAMLINFINE,INE052I01032,98.6,20
846,PRESTIGE,INE811K01011,1488.55,20
847,DICIND,INE303A01010,441.7,20
848,GRASIM,INE047A01021,2353.7,9
849,NHPC,INE848E01016,93.65,20
850,SHILPAMED,INE790G01031,499.85,20
851,ARIHANTCAP,INE420B01036,57.95,20
852,PVSL,INE772T01024,219.1,20
853,INTLCONV,INE575C01027,83.05,22.41
854,DYNPRO,INE256H01015,267.15,20
855,NGLFINE,INE887E01022,2250.15,20
856,TECHM,INE669C01036,1269.1,10.34
857,SGBDEC2513,IN0020170158,7151,10
858,REDINGTON,INE891D01026,202.3,20
859,TAINWALCHM,INE123C01018,134.5,20
860,ALKEM,INE540L01014,5067.6,20
861,TNPL,INE107A01015,272.05,20
862,NTPC,INE733E01010,346.05,10.13
863,JIOFIN,INE758E01017,345.4,20
864,PIDILITIND,INE318A01026,2837.35,20
865,HERITGFOOD,INE978A01027,339.8,20
866,RENUKA,INE087H01022,41.7,20
867,GANECOS,INE845D01014,1058.7,20
868,JINDALSAW,INE324A01024,522.15,21.74
869,NECLIFE,INE023H01027,33.35,21.52
870,LICI,INE0J1Y01017,902.15,20
871,IBULHSGFIN,INE148I01020,152.5,20.86
872,UNIENTER,INE037A01022,149.3,20
873,PPLPHARMA,INE0DK501011,148,20
874,BLAL,INE0N7W01012,225.45,20
875,CENTUM,INE320B01020,1859.8,23.42
876,JBCHEPHARM,INE572A01036,1765.45,20
877,PAKKA,INE551D01018,260.85,24.51
878,ASTEC,INE563J01010,1194.3,20
879,SUNFLAG,INE947A01014,200.55,20.63
880,HMVL,INE871K01015,98.35,21.11
881,SAKHTISUG,INE623A01011,34,24.35
882,LINCOLN,INE405C01035,551.8,20
883,SGBNOV26,IN0020180314,7195,10
884,SGBSEP28VI,IN0020200195,7174,10
885,RELAXO,INE131B01039,842.55,20
886,SGBDEC25,IN0020170125,7143,10
887,JAMNAAUTO,INE039C01032,127,20
888,HINDWAREAP,INE05AN01011,346.8,20
889,RAMRAT,INE207E01023,367.3,20
890,KABRAEXTRU,INE900B01029,373.45,20
891,MANGLMCEM,INE347A01017,857.35,20
892,CMSINFO,INE925R01014,399.1,20
893,SASTASUNDR,INE019J01013,281.95,20
894,INFRABEES,INF732E01268,855.11,20
895,MUTHOOTMF,INE046W01019,222.25,20
896,ARVINDFASN,INE955V01021,456.15,20
897,JAICORPLTD,INE070D01027,289.4,22.55
898,SBICARD,INE018E01016,710.4,20
899,JINDRILL,INE742C01031,749.65,20.76
900,TEGA,INE011K01018,1526.45,20
901,LOWVOLIETF,INF109KC19U5,19.12,20
902,PHOENIXLTD,INE211B01039,2826.25,20
903,VLSFINANCE,INE709A01018,244,20
904,AUROPHARMA,INE406A01037,1115.3,20
905,HINDMOTORS,INE253A01025,46.5,26.59
906,CERA,INE739E01017,6743.1,20
907,BBETF0432,INF754K01OB1,1137.97,20
908,VPRPL,INE0AE001013,147.95,20
909,BFSI,INF769K01HI8,21.45,20
910,GATEWAY,INE079J01017,101,20
911,SUPRAJIT,INE399C01030,406.35,20
912,INDNIPPON,INE092B01025,638.6,20
913,ORIENTPPR,INE592A01026,53.4,20
914,HINDUNILVR,INE030A01027,2325.65,9
915,LUPIN,INE326A01037,1583.95,20
916,TIRUMALCHM,INE338A01024,253.35,20
917,HDFCPVTBAN,INF179KC1HZ7,23.7,20
918,MIDCAPIETF,INF109KC1G82,186.92,6.14
919,HERCULES,INE688E01024,470.65,20
920,ITBEES,INF204KB15V2,35.23,20
921,MUFTI,INE220Q01020,173.9,20
922,VRLLOG,INE366I01010,548.7,20
923,SETFGOLD,INF200KA16D8,62.2,20
924,AURIONPRO,INE132H01018,2406.35,100
925,MIDCAPETF,INF769K01IC9,18.43,6
926,AHLADA,INE00PV01013,115.8,21.12
927,DPABHUSHAN,INE266Y01019,1112.1,20
928,SUDARSCHEM,INE659A01023,715.3,20
929,NUCLEUS,INE096B01018,1306.6,20.84
930,BSLSENETFG,INF209KB10E8,71.05,6
931,FOCUS,INE593W01028,152.35,20
932,LAURUSLABS,INE947Q01028,427.35,20
933,SUPREMEIND,INE195A01028,5400.75,20
934,TEMBO,INE869Y01010,216.6,20
935,LTIM,INE214T01019,4658,10.99
936,IBREALEST,INE069I01010,118.3,24.36
937,KAMDHENU,INE390H01012,510.45,20.66
938,KSB,INE999A01015,4500.4,20
939,SYMPHONY,INE225D01027,951.6,20
940,ATFL,INE209A01019,714.45,20
941,ARTEMISMED,INE025R01021,190.35,20
942,SGBOCT26,IN0020180249,7150,10
943,HINDOILEXP,INE345A01011,187.9,20
944,MON100,INF247L01AP3,146.05,6.3
945,VIPIND,INE054A01027,534.1,20
946,SUPRIYA,INE07RO01027,368.65,20
947,PTC,INE877F01012,208.15,20
948,KHADIM,INE834I01025,359.5,20
949,HDFCAMC,INE127D01025,3616.4,20
950,JUSTDIAL,INE599M01018,1005.9,20
951,SURYALAXMI,INE713B01026,71.25,20
952,TATAMTRDVR,IN9155A01020,692.6,20
953,GOLD1,INF174KA1HJ8,60.82,20
954,LICMFGOLD,INF397L01554,6567.15,20
955,ACE,INE731H01025,1391.85,22.38
956,PTCIL,INE596F01018,7271.15,20
957,HDFCNIFBAN,INF179KC1HY0,48.1,20
958,THOMASCOOK,INE332A01027,199.3,20
959,SGBJ28VIII,IN0020190537,7100,10
960,LIQUIDETF,INF740KA1EU7,1000,10
961,UJJIVANSFB,INE551W01018,51.8,20
962,GOLDIAM,INE025B01025,160.25,20
963,EMAMIPAP,INE830C01026,108.95,20
964,KALYANKJIL,INE303R01014,397.15,20
965,LIBAS,INE908V01012,19,23
966,SYRMA,INE0DYJ01015,463.6,20
967,SPANDANA,INE572J01011,785.25,20
968,BSE500IETF,INF109KC1V59,34.14,6
969,LICNFNHGP,INF767K01PC8,244.83,6.82
970,BALRAMCHIN,INE119A01028,371.7,20
971,PATELENG,INE244B01030,55.05,23.3
972,EXICOM,INE777F01014,260.7,20
973,SHIVATEX,INE705C01020,160.65,21.56
974,TATAELXSI,INE670A01012,7151.45,20
975,MEGASTAR,INE00EM01016,284.7,20
976,SGBMAR31IV,IN0020220169,7103,10
977,DBL,INE917M01012,456.55,20
978,SGBJAN30IX,IN0020210236,7086.83,10
979,AARTISURF,INE09EO01013,663.35,20
980,XPROINDIA,INE445C01015,1015.35,20
981,SIS,INE285J01028,411.3,20
982,MOSMALL250,INF247L01CH6,15.14,6
983,EXCELINDUS,INE369A01029,954.95,20
984,PNBHOUSING,INE572E01012,755.95,20
985,JISLDVREQS,IN9175A01010,33.45,21.85
986,AMJLAND,INE606A01024,37.35,21.46
987,NDTV,INE155G01029,213.4,20.89
988,MNC,INF174KA1JF2,27.45,20
989,LIKHITHA,INE060901027,333.95,20
990,PSUBNKBEES,INF204KB16I7,78.65,20
991,ADANIPORTS,INE742F01042,1244.55,15.18
992,NIF100BEES,INF204K014N5,240.88,6
993,IRMENERGY,INE07U701015,550.35,20
994,HINDZINC,INE267A01025,456.15,20
995,ORCHPHARMA,INE191A01027,1019.75,20
996,NYKAA,INE388Y01029,168.4,20
997,JISLJALEQS,INE175A01038,64.35,23.05
998,J&KBANK,INE168A01041,128.3,20
999,PENIND,INE932A01024,124.1,22.13
1000,SGBSEP29VI,IN0020210145,7114.01,10
1001,PSB,INE608A01012,57.4,22.65
1002,VIJAYA,INE043W01024,730.25,20
1003,BANCOINDIA,INE213C01025,582.65,20
1004,BANARBEADS,INE655B01011,90.7,20
1005,METROPOLIS,INE112L01020,1714.95,20
1006,AKZOINDIA,INE133A01011,2464.8,20
1007,BALAJITELE,INE794B01026,71.55,23.44
1008,OMAXE,INE800H01010,89.5,23.24
1009,BSLNIFTY,INF209KB19D1,25.01,6
1010,TTKPRESTIG,INE690A01028,693.35,20
1011,HGINFRA,INE926X01010,1141.8,20
1012,PCBL,INE602A01031,251.55,20
1013,INDBANK,INE841B01017,47.6,26.66
1014,TATACOMM,INE151A01013,1726.1,20
1015,AGRITECH,INE449G01018,192.35,23.71
1016,PITTIENG,INE450D01021,809.3,20
1017,SMCGLOBAL,INE103C01036,160.55,20
1018,ATGL,INE399L01023,878.55,23.48
1019,DATAPATTNS,INE0IX101010,2848.65,20
1020,MMFL,INE227C01017,1120.1,20
1021,ORIENTHOT,INE750A01020,147.5,20
1022,KIMS,INE967H01017,1999.75,20
1023,SUVEN,INE495B01038,99.65,20
1024,NRAIL,INE740D01017,450.35,20
1025,SILVERETF,INF789F1AYK6,82.58,20
1026,VIRINCHI,INE539B01017,34.1,20
1027,RAINBOW,INE961O01016,1400.25,20
1028,AXISBPSETF,INF846K01Z04,11.73,20
1029,TEXRAIL,INE621L01012,163.85,23.17
1030,SUNDRMFAST,INE387A01021,1142.65,20
1031,ASHOKLEY,INE208A01029,194.65,20
1032,HDFCNIFTY,INF179KC1965,241.06,6
1033,AKSHARCHEM,INE542B01011,266.5,20.8
1034,AMBER,INE371P01015,3876.7,20
1035,VESUVIUS,INE386A01015,4498.65,20
1036,NIF100IETF,INF109KA1962,250.67,6
1037,GSPL,INE246F01010,290.8,20
1038,SAKAR,INE732S01012,341.85,20
1039,LOVABLE,INE597L01014,122.9,20
1040,SGBDC27VII,IN0020190461,7109.5,10
1041,CHEVIOT,INE974B01016,1264.2,20
1042,TATAMOTORS,INE155A01022,1030.3,10.99
1043,NV20IETF,INF109KC11V0,13.58,20
1044,HLEGLAS,INE461D01028,429.05,20
1045,THYROCARE,INE594H01019,622.5,20
1046,SGBNOV25IX,IN0020170117,7115.35,10
1047,RADHIKAJWE,INE583V01021,59.6,22.78
1048,ASKAUTOLTD,INE491J01022,295.9,20
1049,NIFTYQLITY,INF209KB15K4,19,20
1050,HESTERBIO,INE782E01017,1659.65,20
1051,WINDLAS,INE0H5O01029,504.2,20
1052,BATAINDIA,INE176A01028,1298.55,20
1053,BDL,INE171Z01018,1868.2,20
1054,INFIBEAM,INE483S01020,31.3,23
1055,ORIENTELEC,INE142Z01019,214.7,20
1056,TNPETRO,INE148A01019,82.2,20
1057,SPENCERS,INE020801028,91.25,21.42
1058,DCM,INE498A01018,72.35,20.06
1059,CSBBANK,INE679A01013,355.3,20
1060,HILTON,INE788H01017,111.6,23.53
1061,MOLDTKPAC,INE893J01029,793.6,20
1062,JKCEMENT,INE823G01014,3863.7,20
1063,UTISXN50,INF789F1AUU3,79.68,9.48
1064,PILANIINVS,INE417C01014,3702.7,20
1065,WABAG,INE956G01038,868.15,20
1066,AVANTIFEED,INE871C01038,515.2,20
1067,JYOTICNC,INE980O01024,809.65,20
1068,COSMOFIRST,INE757A01017,578.5,20
1069,AKSHOPTFBR,INE523B01011,9.2,100
1070,UTISENSETF,INF789FB1X58,782.86,6.05
1071,ASHOKA,INE442H01029,163.1,20
1072,RATNAMANI,INE703B01027,3109.75,20
1073,POLYMED,INE205C01021,1590.3,20
1074,COROMANDEL,INE169A01031,1183.55,20
1075,CIEINDIA,INE536H01010,482.6,20
1076,SGBDEC26,IN0020180389,7170,10
1077,GLENMARK,INE935A01035,999.65,20
1078,SAMHI,INE08U801020,189.9,20
1079,LT,INE018A01030,3275.45,9.16
1080,STARHEALTH,INE575P01011,537.45,20
1081,UTINEXT50,INF789F1AUW9,67.29,7.68
1082,TVSSRICHAK,INE421C01016,4070.55,20
1083,AXISBANK,INE238A01034,1115.65,9.24
1084,BGRENERGY,INE661I01014,39.2,100
1085,MAHASTEEL,INE451L01014,119.7,100
1086,TRACXN,INE0HMF01019,90.7,20
1087,RAILTEL,INE0DD101019,359.15,24.61
1088,ACCELYA,INE793A01012,1617,20
1089,BSLGOLDETF,INF209KB18D3,64.07,20
1090,COASTCORP,INE377E01016,237.05,20
1091,DYCL,INE600Y01019,423.6,20
1092,ADSL,INE102I01027,136.35,22.8
1093,JSWENERGY,INE121E01018,530.95,20
1094,MONIFTY500,INF247L01BU1,20.51,6
1095,BARBEQUE,INE382M01027,512.8,20
1096,VISAKAIND,INE392A01021,101.5,20.87
1097,TNIDETF,INF277KA1364,77.32,20
1098,KRISHANA,INE506W01012,214.2,20
1099,ELECTCAST,INE086A01029,171.5,20
1100,SUNDARMHLD,INE202Z01029,218.15,20
1101,PARKHOTELS,INE988S01028,181.15,20
1102,SHRADHA,INE715Y01023,78.6,26.07
1103,VETO,INE918N01018,122.7,20
1104,SMLISUZU,INE294B01019,2076.45,22.35
1105,CAPACITE,INE264T01014,275.05,20.21
1106,BSE,INE118H01025,2710.15,20.56
1107,AJMERA,INE298G01027,783.95,22.18
1108,IPCALAB,INE571A01038,1284.25,20
1109,FDC,INE258B01022,445.35,20
1110,INSECTICID,INE070I01018,561.35,20
1111,TASTYBITE,INE488B01017,11128.15,20
1112,GREENLAM,INE544R01021,528.25,20
1113,AEGISCHEM,INE208C01025,578.9,20.66
1114,VARDHACRLC,INE116G01013,54.85,20
1115,CENTRALBK,INE483A01010,60.45,20.79
1116,KIOCL,INE880L01014,406.25,27.15
1117,DBREALTY,INE879I01012,193,25.23
1118,HINDPETRO,INE094A01015,501,20
1119,NDL,INE875G01030,37.75,22.59
1120,AVG,INE680Z01018,536.4,20.03
1121,BAJFINANCE,INE296A01024,6605.15,10.73
1122,NLCINDIA,INE589A01014,212.9,22
1123,SURYAROSNI,INE335A01020,616.6,20.93
1124,NV20BEES,INF204KB18I3,140.54,20
1125,LTGILTBEES,INF204KB1882,25.54,10
1126,KESORAMIND,INE087A01019,175.75,20
1127,INGERRAND,INE177A01018,4304.45,20
1128,ABBOTINDIA,INE358A01014,25562.4,20
1129,PARADEEP,INE088F01024,65.4,20
1130,ONMOBILE,INE809I01019,72.4,22.32
1131,NIITMTS,INE342G01023,449.95,20
1132,POCL,INE063E01046,700.45,22.52
1133,UNIVCABLES,INE279A01012,547.5,20
1134,HEUBACHIND,INE492A01029,383,20
1135,DEN,INE947J01015,48.65,20
1136,SCI,INE109A01011,206.45,20
1137,AVALON,INE0LCL01028,516.05,20
1138,ENIL,INE265F01028,239.2,21.66
1139,RUPA,INE895B01021,255.35,20
1140,IOC,INE242A01010,156.6,20
1141,KANPRPLA,INE694E01014,101.75,20
1142,OBEROIRLTY,INE093I01010,1458.5,20
1143,ADFFOODS,INE982B01027,234.2,20.06
1144,STEL,INE577L01016,306.9,20.9
1145,BALKRISIND,INE787D01026,2441.05,20
1146,AHLEAST,INE926K01017,141.55,20
1147,IEX,INE022Q01020,142.8,20
1148,SPORTKING,INE885H01011,791.7,20
1149,NIFTY1,INF174K014P6,237.18,6
1150,UNIDT,INE961D01019,254.5,20
1151,AXISCADES,INE555B01013,598.6,21.14
1152,ENDURANCE,INE913H01037,1956,20
1153,JAIPURKURT,INE696V01013,47.4,100
1154,MIDHANI,INE099Z01011,409.25,20
1155,PAR,INE04LG01015,251.85,20
1156,DREAMFOLKS,INE0JS101016,513.1,20
1157,ZOTA,INE358U01012,472.35,20
1158,ANUP,INE294Z01018,1889.3,20
1159,PTL,INE034D01049,41.7,20
1160,ELIN,INE050401020,159.25,20
1161,INDHOTEL,INE053A01029,550.65,20
1162,GANDHITUBE,INE524B01027,806.6,20
1163,PDMJEPAPER,INE865T01018,87.35,22.3
1164,HIMATSEIDE,INE049A01027,128,20
1165,AUTOBEES,INF204KC1337,229.25,20
1166,GENESYS,INE727B01026,534.8,23.7
1167,PNB,INE160A01022,122.15,20
1168,ISGEC,INE858B01029,969.6,20
1169,BIOFILCHEM,INE829A01014,66,23.18
1170,SEAMECLTD,INE497B01018,994.15,20
1171,FSL,INE684F01012,185.45,20
1172,HARIOMPIPE,INE00EV01017,552.15,20
1173,ULTRACEMCO,INE481G01011,9446.1,9
1174,KERNEX,INE202H01019,478.35,20
1175,ASTRAZEN,INE203A01020,5132.85,20
1176,TECH,INF209KB11D8,34.41,20
1177,PRINCEPIPE,INE689W01016,627.65,20
1178,BANKBARODA,INE028A01039,262.65,20
1179,PDSL,INE111Q01021,435.85,20
1180,CENTENKA,INE485A01015,557.3,20
1181,ICICIGI,INE765G01017,1651.55,20
1182,GHCL,INE539A01019,477.1,20
1183,QNIFTY,INF082J01028,2355.64,6
1184,SUNPHARMA,INE044A01036,1494.65,9
1185,GUJAPOLLO,INE826C01016,268.45,20
1186,LIQUIDCASE,INF0R8F01034,102.07,10
1187,QGOLDHALF,INF082J01408,60.23,20
1188,RAMCOCEM,INE331A01037,748.6,20
1189,TIIL,INE545H01011,2158.2,22.44
1190,PPL,INE050001010,353.2,20.49
1191,GLAND,INE068V01023,1693,20
1192,BEL,INE263A01024,226.2,20
1193,SAKSOFT,INE667G01023,262.25,20
1194,HONDAPOWER,INE634A01018,2322.1,20
1195,BLKASHYAP,INE350H01032,61.1,20
1196,SKIPPER,INE439E01022,312.65,25.86
1197,FUSION,INE139R01012,470.1,20
1198,BCLIND,INE412G01024,58.1,22.08
1199,MAHESHWARI,INE263W01010,64.8,20
1200,RKEC,INE786W01010,87.05,26.5
1201,CONCOR,INE111A01025,990.6,20
1202,SWARAJENG,INE277A01016,2410.4,20
1203,SGBDEC25XI,IN0020170133,7068,10
1204,UGROCAP,INE583D01011,258.2,20
1205,SCPL,INE501Y01019,417.65,20
1206,GAIL,INE129A01019,193.3,20
1207,AVADHSUGAR,INE349W01017,553.25,20
1208,PURVA,INE323I01011,351.45,100
1209,SMSLIFE,INE320X01016,650.5,20
1210,REDTAPE,INE0LXT01019,713.8,20
1211,FAIRCHEMOR,INE0DNW01011,1393.95,20
1212,PATANJALI,INE619A01035,1353.4,20
1213,CREDITACC,INE741K01010,1420.3,20
1214,INDOAMIN,INE760F01028,129.65,23.65
1215,DELHIVERY,INE148O01028,444.6,20
1216,ABFRL,INE647O01011,247.15,20
1217,SYNCOMF,INE312C01025,12.95,21.4
1218,LICNETFN50,INF767K01OS7,240.08,7.06
1219,KOHINOOR,INE080B01012,39.5,23.36
1220,HPAL,INE0GSL01024,98.4,20
1221,FINPIPE,INE183A01024,268.4,20
1222,SGBJU29III,IN0020210087,7102.27,10
1223,VSSL,INE050M01012,279.6,20
1224,IOB,INE565A01014,61.15,22.97
1225,AMBIKCO,INE540G01014,1519.15,20
1226,TMB,INE668A01016,471,20
1227,RPTECH,INE0J1F01024,320.05,20
1228,SCHAEFFLER,INE513A01022,3793.15,20
1229,DEVIT,INE060X01026,110.05,20
1230,VIKASLIFE,INE161L01027,5,23.5
1231,JTEKTINDIA,INE643A01035,163.55,20
1232,BUTTERFLY,INE295F01017,782.85,20
1233,ICICIPRULI,INE726G01019,578.25,20
1234,GRWRHITECH,INE291A01017,1570.25,20
1235,ORIENTCER,INE569C01020,46.7,20.91
1236,QUICKHEAL,INE306L01010,459.55,21.67
1237,CHOICEIN,INE102B01014,322.65,20
1238,HATSUN,INE473B01035,1043.65,20
1239,ISEC,INE763G01038,725.5,20
1240,SUZLON,INE040H01021,39.6,100
1241,THEMISMED,INE083B01024,208.25,20
1242,ABCAPITAL,INE674K01013,209.4,20
1243,PRECWIRE,INE372C01037,129.25,20.66
1244,UTIAMC,INE094J01016,898.15,20
1245,ASALCBR,INE073G01016,510.3,20
1246,BHARATRAS,INE838B01013,9332.6,20
1247,TIMETECHNO,INE508G01029,254,20
1248,YASHO,INE616Z01012,1900.4,20
1249,SIMBHALS,INE748T01016,26.5,24.92
1250,BAJAJCON,INE933K01021,241,20
1251,GLOBUSSPR,INE615I01010,774.05,20
1252,MANINFRA,INE949H01023,197.1,20
1253,DIXON,INE935N01020,8268.6,20
1254,GOCLCORP,INE077F01035,402.4,21.08
1255,MPSLTD,INE943D01017,1610.1,20
1256,CONCORDBIO,INE338H01029,1501.3,20
1257,MSUMI,INE0FS801015,68.55,20
1258,CYIENT,INE136B01020,1754.15,20
1259,SGBMAY28,IN0020200088,7150,10
1260,SHRIPISTON,INE526E01018,1910.2,20
1261,AMRUTANJAN,INE098F01031,732.85,20
1262,NATIONALUM,INE139A01034,170.75,20
1263,KSCL,INE455I01029,832.8,20
1264,MEDIASSIST,INE456Z01021,487.8,20
1265,BHARTIARTL,INE397D01024,1275.45,9
1266,DALBHARAT,INE00R701025,1728.25,20
1267,HDFCNEXT50,INF179KC1HS2,63.89,7.64
1268,BEPL,INE922A01025,94.65,20
1269,DALMIASUG,INE495A01022,376.3,20
1270,SILVER,INF209KB19F6,83.47,20
1271,STAR,INE939A01011,833.3,20
1272,RPOWER,INE614G01033,24.75,23.5
1273,ZEEMEDIA,INE966H01019,11.05,24.1
1274,NCLIND,INE732C01016,198.1,20
1275,BAJAJHCARE,INE411U01027,305.55,20
1276,LANDMARK,INE559R01029,742.95,20
1277,IVZINGOLD,INF205K01361,6331.8,20
1278,3IINFOLTD,INE748C01038,35.75,21.31
1279,PRAJIND,INE074A01025,517.6,20
1280,KAKATCEM,INE437B01014,209.85,20
1281,MRPL,INE103A01014,214.45,24.41
1282,DEEPENR,INE677H01012,178.3,22.44
1283,LIQUID1,INF174KA1LV5,1000.01,10
1284,RANEHOLDIN,INE384A01010,1306.45,20
1285,DCW,INE500A01029,51.3,20
1286,BHARATFORG,INE465A01025,1412.75,20
1287,HARSHA,INE0JUS01029,406.95,20
1288,VEDL,INE205A01025,394.65,20
1289,POKARNA,INE637C01025,441.45,20
1290,MRO-TEK,INE398B01018,75.55,28.18
1291,WONDERLA,INE066O01014,920.45,20
1292,AMBUJACEM,INE079A01024,574.3,20
1293,SANGAMIND,INE495C01010,399.75,23.88
1294,VOLTAS,INE226A01021,1276.05,20
1295,SBIETFPB,INF200KA1S22,236.57,20
1296,GENUSPAPER,INE949P01018,21.55,23.48
1297,BIGBLOC,INE412U01025,247.7,23.26
1298,HCG,INE075I01017,361.25,20
1299,EDELWEISS,INE532F01054,72.65,20
1300,VBL,INE200M01021,1445.05,20
1301,NAM-INDIA,INE298J01013,575.05,20
1302,CANFINHOME,INE477A01020,719.6,20
1303,COCHINSHIP,INE704P01025,1234.7,23.55
1304,SILVERIETF,INF109KC1Y56,83.8,20
1305,TATAINVEST,INE672A01018,6874.1,100
1306,PARAS,INE045601015,694.65,20
1307,MAPMYINDIA,INE0BV301023,1804.2,20
1308,DLF,INE271C01023,836.9,20
1309,ICRA,INE725G01011,5104.8,20
1310,CARBORUNIV,INE120A01034,1468,20
1311,NESCO,INE317F01035,820.35,20
1312,GOLDETF,INF769K01JP9,70.86,20
1313,NAGAFERT,INE454M01024,10.25,20.65
1314,SBIETFQLTY,INF200KA1WX6,197.83,20
1315,SRHHYPOLTD,INE917H01012,523.2,20
1316,SGBJUN27,IN0020190073,7147.99,10
1317,MAHSEAMLES,INE271B01025,799.95,20
1318,BALAMINES,INE050E01027,2186.3,20
1319,NAVINFLUOR,INE048G01026,3222.2,20
1320,HERANBA,INE694N01015,308.35,20
1321,INDSWFTLAB,INE915B01019,105.5,21.61
1322,SGBJUL29IV,IN0020210111,7114.36,10
1323,RAMCOSYS,INE246B01019,359.35,100
1324,JMFINANCIL,INE780C01023,79.25,20
1325,EGOLD,INF754K01SE6,73.2,20
1326,ESILVER,INF754K01SF3,84.39,20
1327,SBGLP,INE05ST01028,116.8,20
1328,AZAD,INE02IJ01035,1272.75,20
1329,STEELCAS,INE124E01020,659.3,20
1330,SIGACHI,INE0D0K01022,65.35,23.26
1331,LIQUIDIETF,INF109KC1KT9,1000,10
1332,GOPAL,INE0L9R01028,344.75,20
1333,ARCHIES,INE731A01020,27.65,100
1334,LALPATHLAB,INE600L01024,2231.55,20
1335,JKPAPER,INE789E01012,353.6,20
1336,EMSLIMITED,INE0OV601013,416.7,20
1337,MAANALU,INE215I01027,138.95,23.24
1338,INDIACEM,INE383A01012,202.85,20
1339,GENUSPOWER,INE955D01029,275.35,20.73
1340,GPIL,INE177H01021,873.2,20
1341,BLUEDART,INE233B01017,7092.75,20
1342,HEALTHADD,INF740KA1UF4,118.27,20
1343,SILINV,INE923A01015,510.3,20
1344,CAREERP,INE521J01018,373.55,20
1345,RELIGARE,INE621H01010,214.8,20
1346,HITECH,INE106T01025,122.4,20.77
1347,APTECHT,INE266F01018,229.8,20
1348,MOM100,INF247L01023,53.05,6.05
1349,KOLTEPATIL,INE094I01018,494.05,20
1350,TOTAL,INE336X01012,98.25,20
1351,CHEMBOND,INE995D01025,548.55,20
1352,RALLIS,INE613A01020,267.55,20
1353,EQUAL50ADD,INF740KA1QK2,283.8,20
1354,MBAPL,INE900L01010,220.05,20
1355,EMIL,INE02YR01019,212.15,20
1356,FINEORG,INE686Y01026,4215.6,20
1357,CIPLA,INE059A01026,1358.8,9.46
1358,LXCHEM,INE576O01020,231.85,20
1359,BBNPPGOLD,INF251K01SU9,70.95,20
1360,GREENPLY,INE461C01038,240.25,20
1361,SOMANYCERA,INE355A01028,629.7,20
1362,KINGFA,INE473D01015,2001.9,20
1363,KITEX,INE602G01020,199.8,20
1364,TEJASNET,INE010J01012,1079.7,20.53
1365,MANAPPURAM,INE522D01027,165.8,20
1366,STLTECH,INE089C01029,116.5,20
1367,LIQUIDADD,INF740KA1UM0,1008.57,10
1368,MAFANG,INF769K01HF4,96.41,20
1369,ZIMLAB,INE518E01015,111.9,20
1370,TCS,INE467B01029,3960.2,9
1371,EIDPARRY,INE126A01031,610.45,20
1372,NRL,INE0JM501013,73.7,22.41
1373,OSWALSEEDS,INE00IK01029,28.15,100
1374,DONEAR,INE668D01028,100.15,20.19
1375,PNBGILTS,INE859A01011,104.35,20
1376,LLOYDSME,INE281B01032,663.75,20
1377,DWARKESH,INE366A01041,68.65,20
1378,NDLVENTURE,INE353A01023,92.3,20
1379,HUDCO,INE031A01017,214.3,24.18
1380,SGBFEB28IX,IN0020190545,7120.25,10
1381,POWERMECH,INE211R01019,4747.5,20
1382,ADANIGREEN,INE364U01010,1712.15,21.63
1383,TEXMOPIPES,INE141K01013,78.95,23.99
1384,NETWEB,INE0NT901020,1984.95,20
1385,SHALPAINTS,INE849C01026,158.5,20
1386,CONSUMIETF,INF109KC1V42,104.85,20
1387,HDFCMID150,INF179KC1HT0,18.33,6
1388,IDFCFIRSTB,INE092T01019,75.85,20
1389,SINCLAIR,INE985A01022,121.95,20
1390,SHAILY,INE151G01028,594.9,20
1391,ROSSELLIND,INE847C01020,464.5,23
1392,BAJAJ-AUTO,INE917I01010,8846.85,9.64
1393,WELENT,INE625G01013,355.95,20
1394,GLOBALVECT,INE792H01019,195.45,100
1395,PRICOLLTD,INE726V01018,429.9,20
1396,JKLAKSHMI,INE786A01032,771.95,20
1397,PRSMJOHNSN,INE010A01011,154.05,20
1398,GANDHAR,INE717W01049,219.1,20
1399,CIGNITITEC,INE675C01017,1297.45,20
1400,GRAVITA,INE024L01027,911.35,20
1401,BHEL,INE257A01026,273.15,20
1402,HLVLTD,INE102A01024,26.15,100
1403,USHAMART,INE228A01035,334.25,20
1404,BOSCHLTD,INE323A01026,29881.7,20
1405,BIKAJI,INE00E101023,511.35,20
1406,SECURCRED,INE195Y01010,16.9,27.87
1407,DVL,INE477B01010,307.45,20.57
1408,RATEGAIN,INE0CLI01024,668.85,20
1409,HDFCQUAL,INF179KC1DL6,52.17,20
1410,MAHSCOOTER,INE288A01013,7446,20
1411,DABUR,INE016A01026,552.8,20
1412,NGIL,INE236Y01012,51.85,25.58
1413,CHENNPETRO,INE178A01016,848.95,23.18
1414,AGARIND,INE204E01012,816.55,20
1415,EQUITASBNK,INE063P01018,92.85,20
1416,HDFCGROWTH,INF179KC1DJ0,108.23,20
1417,TAKE,INE142I01023,21.4,21.91
1418,ISFT,INE566K01011,124.4,23.96
1419,SPAL,INE212I01016,598.3,20
1420,LYKALABS,INE933A01014,114.5,20
1421,KRBL,INE001B01026,281.55,20
1422,MAHKTECH,INF769K01HS7,13.83,20
1423,NIFTYBEES,INF204KB14I2,243.49,6
1424,SATIA,INE170E01023,114.75,20
1425,CPSEETF,INF457M01133,83.76,20
1426,LOWVOL,INF769K01JU9,178.16,20
1427,DOLATALGO,INE966A01022,127.75,24.81
1428,INTENTECH,INE781A01025,115.8,100
1429,KEI,INE878B01027,3841.65,20
1430,FIBERWEB,INE296C01020,33.05,20
1431,DODLA,INE021O01019,934.55,20
1432,UMANGDAIRY,INE864B01027,88.3,23.6
1433,ALPA,INE385I01010,88.55,20
1434,SGBNOV24,IN0020160076,7154.83,10
1435,VMART,INE665J01013,2126.4,20
1436,MARATHON,INE182D01020,425.15,20
1437,ALICON,INE062D01024,849.95,20
1438,JUBLFOOD,INE797F01020,455.25,20
1439,MCDOWELL-N,INE854D01024,1194.75,20
1440,SBILIFE,INE123W01016,1422.4,9
1441,AXISNIFTY,INF846K01W98,236.59,6
1442,ALPHAETF,INF769K01KU7,24.07,20
1443,SOLARINDS,INE343H01029,8712.85,20
1444,PARAGMILK,INE883N01014,203.55,20
1445,ZEEL,INE256A01028,132.15,25.83
1446,GOLDETFADD,INF740KA1SW3,70.83,20
1447,SONATSOFTW,INE269A01021,518.55,20
1448,MAHLOG,INE766P01016,430.25,20
1449,CCL,INE421D01022,576.85,20
1450,OFSS,INE881D01027,7560.15,20
1451,BSL,INE594B01012,179.55,20
1452,TBZ,INE760L01018,107.5,20
1453,JBMA,INE927D01044,1802.6,20.93
1454,HEMIPROP,INE0AJG01018,193.55,20
1455,GOACARBON,INE426D01013,877.45,20.96
1456,CUMMINSIND,INE298A01020,3398.1,20
1457,GFLLIMITED,INE538A01037,77.55,20
1458,GPTHEALTH,INE486R01017,163.5,20
1459,SGBDE31III,IN0020230168,7205.33,10
1460,NBCC,INE095N01031,130.55,22.85
1461,REPCOHOME,INE612J01015,483.75,20
1462,AWHCL,INE01BK01022,470.2,20
1463,CAMS,INE596I01012,3095.35,20
1464,UJJIVAN,INE334L01012,589.5,100
1465,GUFICBIO,INE742B01025,318.9,20
1466,LFIC,INE850E01012,168,100
1467,MANGCHEFER,INE558B01017,106.05,20
1468,MOREALTY,INF247L01CI4,94.14,20
1469,INDIGOPNTS,INE09VQ01012,1374.75,20
1470,SGBOC28VII,IN0020200203,7090.41,10
1471,NAZARA,INE418L01021,615.25,20
1472,DSSL,INE417B01040,1224.4,28.78
1473,HINDCOMPOS,INE310C01029,409.4,20
1474,STEELCITY,INE395H01011,98.85,20.51
1475,PREMEXPLN,INE863B01011,2252.45,23
1476,ZUARI,INE840M01016,169.6,20.36
1477,STYRENIX,INE189B01011,1610.7,20
1478,MAZDA,INE885E01034,1417,20
1479,MATRIMONY,INE866R01028,537.7,20
1480,MPHASIS,INE356A01018,2249.35,20
1481,NV20,INF174K01Z71,139.46,20
1482,JUBLINGREA,INE0BY001018,505.1,20
1483,CLEDUCATE,INE201M01029,78.1,20
1484,SGBAUG30,IN0020220078,7205.38,10
1485,SSWL,INE802C01033,211.5,20
1486,BBTC,INE050A01025,1511.15,20
1487,BLSE,INE0NLT01010,268.6,20
1488,FOSECOIND,INE519A01011,3362.85,20
1489,GSS,INE871H01011,122,20.2
1490,NIFTYETF,INF769K01EG9,232.35,6
1491,GSEC5IETF,INF109KC14A8,55.46,10
1492,MOMENTUM,INF209KB14K7,32.31,20
1493,SPLPETRO,INE663A01033,689.45,20
1494,ZOMATO,INE758T01015,195.25,20
1495,RADIOCITY,INE919I01024,16.95,20.61
1496,SHREEPUSHK,INE712K01011,172.4,20
1497,BAYERCROP,INE462A01022,5262.95,20
1498,GMBREW,INE075D01018,747.85,20
1499,HFCL,INE548A01028,93.2,20.18
1500,CRISIL,INE007A01025,4302.4,20
1501,JUNIPER,INE696F01016,467.1,20
1502,HUHTAMAKI,INE275B01026,298.2,20
1503,POWERGRID,INE752E01010,296.15,10.68
1504,HPL,INE495S01016,397.55,23.98
1505,PAISALO,INE420C01059,61.65,27.81
1506,GESHIP,INE017A01032,969.1,20
1507,APOLLOTYRE,INE438A01022,478.55,20
1508,SREEL,INE099F01013,281.85,20
1509,CELLO,INE0LMW01024,879.5,20
1510,ANANDRATHI,INE463V01026,3897.65,20
1511,SGBDEC2512,IN0020170141,7149,10
1512,RISHABH,INE0N2P01017,483.35,20
1513,PSUBNKIETF,INF109KC10S8,71.24,20
1514,EMUDHRA,INE01QM01018,710.4,20
1515,RITCO,INE01EG01016,245.2,20.42
1516,SUNTV,INE424H01027,656.8,20
1517,ARCHIDPLY,INE877I01016,120.35,100
1518,UNIVASTU,INE562X01013,214.8,100
1519,DBCORP,INE950I01011,260.85,100
1520,XELPMOC,INE01P501012,144.95,100
1521,ANMOL,INE02AR01019,37.75,20
1522,SGBFEB32IV,IN0020230184,7198.44,10
1523,SIGMA,INE0A0S01010,391.05,20
1524,ITDCEM,INE686A01026,363.45,20
1525,AROGRANITE,INE210C01013,51.9,20.86
1526,KIRIINDUS,INE415I01015,332.25,20
1527,SINTERCOM,INE129Z01016,131.2,20
1528,EXPLEOSOL,INE201K01015,1301.1,20
1529,OAL,INE959C01023,353.15,20.38
1530,RHIM,INE743M01012,595.25,20
1531,GOCOLORS,INE0BJS01011,992.05,20
1532,RELCHEMQ,INE750D01016,209.35,20
1533,LOKESHMACH,INE397H01017,412.65,100
1534,MANORG,INE370D01013,354.1,100
1535,ROUTE,INE450U01017,1406.9,20
1536,BAJAJHIND,INE306A01021,31.6,24.31
1537,PENINLAND,INE138A01028,58.6,26.04
1538,AGI,INE415A01038,711.7,21.3
1539,BRIGADE,INE791I01019,1052.2,20
1540,BIRLACABLE,INE800A01015,248.3,23.4
1541,GULFOILLUB,INE635Q01029,925.85,20
1542,NH,INE410P01011,1242.6,20
1543,HMAAGRO,INE0ECP01024,56.4,20
1544,SGBMR29XII,IN0020200427,7110.43,10
1545,WOCKPHARMA,INE049B01025,530.9,100
1546,SANGHVIMOV,INE989A01024,1263,20.99
1547,UNITEDTEA,INE458F01011,328.55,20
1548,GILT5YBEES,INF204KC1030,55.54,10
1549,GOLDIETF,INF109KC1NT3,62.38,20
1550,ASTRAMICRO,INE386C01029,635.1,20
1551,PCJEWELLER,INE785M01013,48.95,24.4
1552,AGROPHOS,INE740V01019,41.55,26.9
1553,KRYSTAL,INE0QN801017,732.05,20
1554,AKG,INE00Y801016,19.75,20.55
1555,KIRLOSBROS,INE732A01036,1333.65,20.9
1556,EKC,INE184H01027,133.95,22.1
1557,SHREDIGCEM,INE232A01011,105.35,20
1558,NESTLEIND,INE239A01024,2513.45,9
1559,UNIONBANK,INE692A01016,142.1,20
1560,PRUDENT,INE00F201020,1548.75,20
1561,DLINKINDIA,INE250K01012,312.55,20
1562,MOTHERSON,INE775A01035,125.5,20
1563,ASHIANA,INE365D01021,355.55,20
1564,INDORAMA,INE156A01020,41.6,20
1565,KIRLOSIND,INE250A01039,5107.6,20
1566,JETFREIGHT,INE982V01025,13.15,23.49
1567,SINDHUTRAD,INE325D01025,23.15,25.34
1568,BANSWRAS,INE629D01020,145.9,20
1569,RAMAPHO,INE809A01024,170.05,20
1570,ERIS,INE406M01024,848.1,20
1571,EIHOTEL,INE230A01023,477.55,20
1572,TITAGARH,INE615H01020,1099.6,20.2
1573,CHOLAHLDNG,INE149A01033,1086.2,20
1574,DEVYANI,INE872J01023,161.4,20
1575,DTIL,INE341R01014,193.05,20
1576,EPIGRAL,INE071N01016,1257.8,20
1577,PFOCUS,INE367G01038,98.65,24.05
1578,SKFINDIA,INE640A01023,4948.65,20
1579,SGBJUN31I,IN0020230069,7144.01,10
1580,STCINDIA,INE655A01013,134.1,23.7
1581,ISMTLTD,INE732F01019,96.65,20
1582,TATAGOLD,INF277KA1976,7.08,20
1583,METROBRAND,INE317I01021,1028.75,20
1584,HDFCLOWVOL,INF179KC1HU8,17.77,20
1585,TORNTPOWER,INE813H01021,1321.25,20
1586,IRCON,INE962Y01021,226.25,23.97
1587,TCNSBRANDS,INE778U01029,427.35,20
1588,NAVA,INE725A01022,495.95,20
1589,SUNCLAY,INE0Q3R01026,1780.75,20
1590,SALONA,INE498E01010,285.2,20
1591,ASIANTILES,INE022I01019,57.45,20
1592,BBOX,INE676A01027,213.1,20.16
1593,POONAWALLA,INE511C01022,452.2,20
1594,LEMONTREE,INE970X01018,145.4,20
1595,KOKUYOCMLN,INE760A01029,160.4,20
1596,JINDALSTEL,INE749A01030,921.3,20
1597,ALPL30IETF,INF109KC1N59,267.09,21.5
1598,360ONE,INE466L01038,730.85,20
1599,BLS,INE153T01027,320.4,20.22
1600,LAGNAM,INE548Z01017,146.55,100
1601,BLISSGVS,INE416D01022,110.3,20
1602,BBL,INE464A01036,3159.5,20
1603,INDIAMART,INE933S01016,2645,20
1604,EMMBI,INE753K01015,98.2,20
1605,KOTARISUG,INE419A01022,57.65,20
1606,VGUARD,INE951I01027,342.95,20
1607,QUESS,INE615P01015,627.75,20
1608,MINDTECK,INE110B01017,299.35,27.5
1609,GRINFRA,INE201P01022,1312.9,20
1610,MUKANDLTD,INE304A01026,166.15,20
1611,QUAL30IETF,INF109KC15T5,188.01,50
1612,UTTAMSUGAR,INE786F01031,325.4,20
1613,MANYAVAR,INE825V01034,957.5,20
1614,BANKNIFTY1,INF174K01F59,484.5,20
1615,INDIASHLTR,INE922K01024,590.75,20
1616,DYNAMATECH,INE221B01012,7690.85,20
1617,CESC,INE486A01021,140.05,20
1618,KICL,INE029L01018,4266.75,20
1619,SHEMAROO,INE363M01019,153.25,25.56
1620,SJS,INE284S01014,610.15,20
1621,KRSNAA,INE08LI01020,568.5,20
1622,SKMEGGPROD,INE411D01015,259.8,23.72
1623,PANAMAPET,INE305C01029,326.05,20
1624,VENKEYS,INE398A01010,1758.7,20
1625,ADANIPOWER,INE814H01011,612.8,20
1626,ESABINDIA,INE284A01012,5032.7,20
1627,TEXINFRA,INE435C01024,88.2,21.9
1628,HEIDELBERG,INE578A01017,193.4,20
1629,CGCL,INE180C01042,221.5,21.13
1630,FINIETF,INF109KC17L8,22.77,20
1631,LUXIND,INE150G01020,1469.75,20
1632,GSFC,INE026A01025,217.7,20
1633,VIMTALABS,INE579C01029,482.9,20
1634,MANORAMA,INE00VM01036,562.45,100
1635,ALEMBICLTD,INE426A01027,86.35,20
1636,SURAJEST,INE843S01025,381.9,20
1637,BHARATGEAR,INE561C01019,110.05,20
1638,COALINDIA,INE522F01014,443.5,12.3
1639,RAJRATAN,INE451D01029,591.55,20
1640,SUNTECK,INE805D01034,414,20
1641,MEDANTA,INE474Q01031,1397.7,20
1642,KALAMANDIR,INE438K01021,183.55,20
1643,INDTERRAIN,INE611L01021,70.1,20.61
1644,GLAXO,INE159A01016,1975.9,20
1645,VSTIND,INE710A01016,3748.75,20
1646,ASAHIINDIA,INE439A01020,614,20
1647,ADVANIHOTR,INE199C01026,76.95,20
1648,EXXARO,INE0GFE01018,95.2,20
1649,PFC,INE134E01011,418.05,20
1650,SNOWMAN,INE734N01019,63.6,20
1651,HGS,INE170I01016,827.05,20
1652,ARIHANTSUP,INE643K01018,334.65,22.13
1653,CRAFTSMAN,INE00LO01017,4302.15,20
1654,XCHANGING,INE692G01013,115.1,21.96
1655,CAPTRUST,INE707C01018,115.15,25.45
1656,MANINDS,INE993A01026,366.5,100
1657,MANAKSIA,INE015D01022,107.35,20
1658,LIQUIDSBI,INF200KA13Z8,999.99,10
1659,PRECAM,INE484I01029,192.85,21.8
1660,SGBFEB29XI,IN0020200393,7160,10
1661,VERTOZ,INE188Y01015,774.9,100
1662,KCP,INE805C01028,156.7,20
1663,SGBJAN27,IN0020180462,7150,10
1664,ZYDUSWELL,INE768C01010,1700.1,20
1665,LUMAXTECH,INE872H01027,455.15,20
1666,ICIL,INE483B01026,376.75,20
1667,JAGSNPHARM,INE048B01027,324.95,20
1668,HIRECT,INE835D01023,656.3,25.39
1669,HEG,INE545A01016,2377.7,20
1670,ELECON,INE205B01023,1009.3,20
1671,SUBROS,INE287B01021,581.35,20
1672,SHYAMMETL,INE810G01011,567.05,20
1673,INOXWIND,INE066P01011,555.25,22.81
1674,SHIVALIK,INE788J01021,611.55,20
1675,CROMPTON,INE299U01018,335.8,20
1676,AUTOIETF,INF109KC10V2,22.98,20
1677,JPPOWER,INE351F01018,17.85,100
1678,GALLANTT,INE297H01019,270.4,100
1679,EBBETF0433,INF754K01QX0,1111.2,20
1680,SETFNIFBK,INF200KA1580,480.41,20
1681,WELCORP,INE191B01025,573.9,20
1682,HDFCGOLD,INF179KC1981,62.16,20
1683,DEEPINDS,INE0FHS01024,291.6,20
1684,CAMPUS,INE278Y01022,253.2,20
1685,AMIORG,INE00FF01017,1193.4,20
1686,TECHNOE,INE285K01026,1000.95,20
1687,JSL,INE220G01021,679.5,20
1688,SGBFEB27,IN0020180561,7100,10
1689,PODDARMENT,INE371C01013,346.15,20
1690,JMA,INE412C01023,95.95,100
1691,CSLFINANCE,INE718F01018,405.4,20
1692,ESAFSFB,INE818W01011,56.15,20
1693,MUTHOOTCAP,INE296G01013,283.35,20
1694,GREAVESCOT,INE224A01026,131.35,20
1695,BHARATWIRE,INE316L01019,259.45,21.03
1696,SCHAND,INE807K01035,229.8,20
1697,MOL,INE0CT101020,81.85,20
1698,EASEMYTRIP,INE07O001026,43.25,20
1699,PPAP,INE095I01015,190.5,20
1700,BASML,INE186H01022,48.4,20
1701,MONQ50,INF247L01AU3,62.07,6
1702,VINDHYATEL,INE707A01012,2350.35,20
1703,RPSGVENT,INE425Y01011,635.1,20
1704,MTARTECH,INE864I01014,1789.35,20
1705,KPIL,INE220B01022,1187.8,20
1706,AARTIIND,INE769A01020,665.15,20
1707,JAGRAN,INE199G01027,94.7,20
1708,RANASUG,INE625B01014,21,20
1709,NETWORK18,INE870H01013,77.55,22.2
1710,VOLTAMP,INE540H01012,9773.9,20
1711,IRCTC,INE335Y01020,986.1,20
1712,SALASAR,INE170V01027,19.4,23.57
1713,BANKIETF,INF109KC15I8,48.03,20
1714,FACT,INE188A01015,651.7,25.03
1715,CAPITALSFB,INE646H01017,374.25,20
1716,NUVAMA,INE531F01015,5035.2,20
1717,KHAICHEM,INE745B01028,68.6,20.4
1718,RKFORGE,INE399G01023,684.95,20
1719,HITECHGEAR,INE127B01011,971.55,100
1720,SAPPHIRE,INE806T01012,1368.9,20
1721,MASPTOP50,INF769K01HP3,43.39,7.69
1722,IGARASHI,INE188B01013,489.25,20
1723,MMP,INE511Y01018,268.2,20
1724,TARSONS,INE144Z01023,432.8,20
1725,SGBJAN29X,IN0020200385,7130,10
1726,KSL,INE907A01026,815.25,20
1727,TEAMLEASE,INE985S01024,3263.25,20
1728,GNFC,INE113A01013,637.05,20
1729,DELPHIFX,INE726L01019,211.8,20.23
1730,GMRP&UI,INE0CU601026,62.85,24.4
1731,HTMEDIA,INE501G01024,27.05,20.07
1732,VISHWARAJ,INE430N01022,16,20
1733,ETHOSLTD,INE04TZ01018,2171.55,20
1734,KANORICHEM,INE138C01024,116.05,20
1735,5PAISA,INE618L01018,514.45,20
1736,TCI,INE688A01022,862.4,20
1737,KPITTECH,INE04I401011,1496.35,20
1738,VIPCLOTHNG,INE450G01024,37.2,20
1739,DCMSHRIRAM,INE499A01024,991.3,20
1740,TTKHLTCARE,INE910C01018,1461.9,20
1741,LTTS,INE010V01017,4401.9,20
1742,GRAPHITE,INE371A01025,562.15,20
1743,MAXHEALTH,INE027H01010,796.15,20
1744,GODREJAGRO,INE850D01014,554.9,20
1745,JKIL,INE576I01022,618,20
1746,IDEA,INE669E01016,12.65,24.57
1747,SJVN,INE002L01015,123.45,24.62
1748,AIAENG,INE212H01026,3786.9,20
1749,UFLEX,INE516A01017,421.3,20
1750,ALLCARGO,INE418H01029,67.2,20
1751,RITES,INE320J01015,637.4,20.58
1752,EPL,INE255A01020,190.95,20
1753,IKIO,INE0LOJ01019,283.9,20
1754,MARICO,INE196A01026,581.35,20
1755,APEX,INE346W01013,216.3,20
1756,SANDESH,INE583B01015,1179.95,20
1757,GRANULES,INE101D01020,392.1,20
1758,ICICIBANK,INE090A01021,1115.7,9
1759,AXITA,INE02EZ01022,22.05,21.22
1760,AXISTECETF,INF846K01Y96,350.72,20
1761,SBIETFIT,INF200KA1S14,351.47,20
1762,HDFCSML250,INF179KC1FB2,151.21,6
1763,ZENTEC,INE251B01027,889.7,20
1764,ASIANPAINT,INE021A01026,2710.1,9
1765,AVONMORE,INE323B01016,118.6,20
1766,RIIL,INE046A01015,1192.9,20
1767,COFFEEDAY,INE335K01011,58.25,25.49
1768,PRIVISCL,INE959A01019,1157.65,20
1769,FMGOETZE,INE529A01010,353.75,20
1770,BALMLAWRIE,INE164A01016,278.8,20
1771,KAMATHOTEL,INE967C01018,252.4,20
1772,GICHSGFIN,INE289B01019,204.75,20
1773,SURYODAY,INE428Q01011,202.6,20
1774,CASTROLIND,INE172A01027,187.35,20
1775,HDFCLIQUID,INF179KC1HE2,1000.01,10
1776,IRB,INE821I01022,65.6,21.63
1777,NELCAST,INE189I01024,150.4,20
1778,OCCL,INE321D01016,715.05,20
1779,TAJGVK,INE586B01026,359.05,20